Age,Weight
0,0
1,0.102828007
2,0.219546651
3,0.367255045
4,0.563333752
5,0.805557333
6,0.99072685
7,1.239263148
8,1.506007163
9,1.801513682
10,2.104879564
11,2.407290576
12,2.706991907
13,3.001687548
14,3.285170416
15,3.556974915
16,4.149468039
