Age,Weight
0,0
1,0.0770809
2,0.18803
3,0.337778
4,0.526399
5,0.746138
6,0.988762
7,1.24829
8,1.52414
9,1.81631
10,2.11965
11,2.42676
12,2.73166
13,3.03029
14,3.31985
15,3.59842
16,3.86466
