Age,MSY,MSYlow
0,0,0
1,3.329767863,2.764054161
2,20.54395544,17.05728845
3,58.89888868,48.9347797
4,158.230806,131.7222017
5,71.76709078,59.95011001
6,416.490788,349.0966875
7,332.9687683,279.801163
8,79.39906442,66.72098865
9,123.3994628,103.7436422
10,19.90903346,16.73394038
11,47.67677183,40.07347856
12,35.61356111,29.92847732
13,37.47103078,31.47892222
14,21.29891148,17.89034818
15,11.83331904,9.938632295
16,32.4489649,27.25231407
