Age,MSY_Z,MSYlow_Z
0,0.24,0.24
1,0.240384574,0.240319226
2,0.243020915,0.242507596
3,0.251073306,0.249191709
4,0.275457284,0.269432316
5,0.318484602,0.305148351
6,0.361502939,0.340856932
7,0.394137111,0.367945844
8,0.394168926,0.367972253
9,0.400143369,0.372931507
10,0.397166133,0.370460169
11,0.397230301,0.370513434
12,0.394825741,0.36851746
13,0.390524918,0.364947442
14,0.388663282,0.363402139
15,0.387439172,0.362386031
16,0.386920721,0.361955676
